{
  "main": {
    "id": "1e14faa04dff8bb5",
    "type": "split",
    "children": [
      {
        "id": "5c3e9de437bb66d2",
        "type": "tabs",
        "children": [
          {
            "id": "b21ca501f774e9b7",
            "type": "leaf",
            "state": {
              "type": "markdown",
              "state": {
                "file": "secondBrain/Global Hotkeys.md",
                "mode": "source",
                "backlinks": true,
                "source": false
              }
            }
          }
        ]
      }
    ],
    "direction": "vertical"
  },
  "left": {
    "id": "0f9dbc5a243a1a50",
    "type": "split",
    "children": [
      {
        "id": "b25e1bd92493875d",
        "type": "tabs",
        "children": [
          {
            "id": "b484bb9f38cee836",
            "type": "leaf",
            "state": {
              "type": "file-explorer",
              "state": {
                "sortOrder": "byModifiedTimeReverse"
              }
            }
          },
          {
            "id": "17842a7f6f061416",
            "type": "leaf",
            "state": {
              "type": "search",
              "state": {
                "query": "string methods",
                "matchingCase": false,
                "explainSearch": false,
                "collapseAll": false,
                "extraContext": false,
                "sortOrder": "alphabetical"
              }
            }
          },
          {
            "id": "b3cf842d5144a10c",
            "type": "leaf",
            "state": {
              "type": "bookmarks",
              "state": {}
            }
          }
        ]
      }
    ],
    "direction": "horizontal",
    "width": 283.5
  },
  "right": {
    "id": "24444e767f926965",
    "type": "split",
    "children": [
      {
        "id": "faaa751885f62fb6",
        "type": "tabs",
        "children": [
          {
            "id": "e0c81b2e0bca40f6",
            "type": "leaf",
            "state": {
              "type": "backlink",
              "state": {
                "file": "secondBrain/Global Hotkeys.md",
                "collapseAll": false,
                "extraContext": false,
                "sortOrder": "alphabetical",
                "showSearch": false,
                "searchQuery": "",
                "backlinkCollapsed": false,
                "unlinkedCollapsed": true
              }
            }
          },
          {
            "id": "eadaf9aa81f988b4",
            "type": "leaf",
            "state": {
              "type": "outgoing-link",
              "state": {
                "file": "secondBrain/Global Hotkeys.md",
                "linksCollapsed": false,
                "unlinkedCollapsed": true
              }
            }
          },
          {
            "id": "767a9939c0a432fb",
            "type": "leaf",
            "state": {
              "type": "localgraph",
              "state": {
                "file": "secondBrain/Global Hotkeys.md",
                "options": {
                  "collapse-filter": true,
                  "search": "",
                  "localJumps": 1,
                  "localBacklinks": true,
                  "localForelinks": true,
                  "localInterlinks": false,
                  "showTags": false,
                  "showAttachments": false,
                  "hideUnresolved": false,
                  "collapse-color-groups": true,
                  "colorGroups": [],
                  "collapse-display": true,
                  "showArrow": false,
                  "textFadeMultiplier": 0,
                  "nodeSizeMultiplier": 1,
                  "lineSizeMultiplier": 1,
                  "collapse-forces": true,
                  "centerStrength": 0.518713248970312,
                  "repelStrength": 10,
                  "linkStrength": 1,
                  "linkDistance": 250,
                  "scale": 0.5087618855792589,
                  "close": true
                }
              }
            }
          },
          {
            "id": "f0afaf7c9cd74f9d",
            "type": "leaf",
            "state": {
              "type": "tag",
              "state": {
                "sortOrder": "frequency",
                "useHierarchy": true
              }
            }
          },
          {
            "id": "68f0cf18ce18d35a",
            "type": "leaf",
            "state": {
              "type": "outline",
              "state": {
                "file": "secondBrain/Global Hotkeys.md"
              }
            }
          },
          {
            "id": "8f149a51e79be01d",
            "type": "leaf",
            "state": {
              "type": "calendar",
              "state": {}
            }
          },
          {
            "id": "2208dade6287fdc0",
            "type": "leaf",
            "state": {
              "type": "review-queue-list-view",
              "state": {}
            }
          }
        ],
        "currentTab": 2
      }
    ],
    "direction": "horizontal",
    "width": 450.5,
    "collapsed": true
  },
  "left-ribbon": {
    "hiddenItems": {
      "switcher:Open quick switcher": false,
      "graph:Open graph view": false,
      "canvas:Create new canvas": false,
      "daily-notes:Open today's daily note": false,
      "templates:Insert template": false,
      "command-palette:Open command palette": false,
      "audio-recorder:Start/stop recording": false,
      "templater-obsidian:Templater": false,
      "obsidian-extract-pdf-highlights:PDF Highlights": false,
      "custom-sort:Toggle custom sorting": false,
      "obsidian-spaced-repetition:Review flashcards": false,
      "homepage:Open homepage": false
    }
  },
  "active": "b21ca501f774e9b7",
  "lastOpenFiles": [
    "secondBrain/Indexes/Interests.md",
    "secondBrain/Kanban-Task/Kanban_board.md",
    "secondBrain/Templates/Templates manage.md",
    "FRAMEWORK - template.md",
    "secondBrain/Templates/ENG - template.md",
    "secondBrain/Global Hotkeys.md",
    "secondBrain/Templates/Indexes - template.md",
    "secondBrain/Templates/Untitled",
    "secondBrain/Indexes/Ideas.md",
    "secondBrain/Indexes/learning.md",
    "README.md",
    "secondBrain/Indexes/Home.md",
    "secondBrain/Indexes/testingFramework.md",
    "secondBrain/Indexes/verb.md",
    "secondBrain/Indexes/vocabulary.md",
    "secondBrain/Indexes/languages.md",
    "secondBrain/Kanban-Task/Rename all the note in Learning.md",
    "secondBrain/Kanban-Task/Add creation and modification date into each index pages.md",
    "secondBrain/Templates/sortspec.md",
    "secondBrain/Templates/API - template.md",
    "secondBrain/Templates/FRAMEWORK - template.md",
    "secondBrain/Indexes/noun.md",
    "secondBrain/PV Automation.md",
    "secondBrain/data-structure-algo.md",
    "secondBrain/English/List-of-words/ENG - differ.md",
    "secondBrain/English/List-of-words/ENG - omit.md",
    "secondBrain/English/List-of-words/ENG - List of keywords or phrases.md",
    "secondBrain/English/resources/Recording 20240504124527.webm",
    "secondBrain/English/List-of-words",
    "secondBrain/English/resources/Recording 20240504125210.webm",
    "Recording 20240504125133.webm",
    "Recording 20240504125046.webm",
    "secondBrain/English/resources/Recording 20240504124801.webm",
    "secondBrain/English/resources/Recording 20240504123634.webm",
    "secondBrain/English/resources/Recording 20240504123741.webm",
    "secondBrain/English/resources/Recording 20240504123707.webm",
    "secondBrain/Framework/Selenium - Java framework.canvas",
    "secondBrain/ISTQB/Bug life-cycle.canvas",
    "secondBrain/Framework/resources/Pasted image 20240406143441.png",
    "secondBrain/Framework/resources/Pasted image 20240406141336.png",
    "secondBrain/Framework/resources/Pasted image 20240406141301.png",
    "secondBrain/Framework/resources/Pasted image 20240406141128.png",
    "secondBrain/Java/Operators/resources/Pasted image 20240310145305.png",
    "secondBrain/Java/Operators/resources/Pasted image 20240310145155.png",
    "secondBrain/Java/Operators/resources/Pasted image 20240310145103.png",
    "secondBrain/Java/Operators/resources/Pasted image 20240303141212.png",
    "secondBrain/Java/Operators/resources/Pasted image 20240303135756.png",
    "secondBrain/Java/Operators/resources/Pasted image 20240303132231.png",
    "noteRepo/Framework/Selenium - Java framework.canvas"
  ]
}