{
  "insert-template": [],
  "daily-notes": [],
  "daily-notes:goto-prev": [],
  "daily-notes:goto-next": [],
  "table-editor-obsidian:table-control-bar": [],
  "file-explorer:move-file": [
    {
      "modifiers": [
        "Mod"
      ],
      "key": "M"
    }
  ],
  "graph:open-local": [
    {
      "modifiers": [
        "Mod",
        "Shift"
      ],
      "key": "C"
    }
  ],
  "file-explorer:open": [],
  "templater-obsidian:Templates/This is test tempalte.md": [
    {
      "modifiers": [
        "Mod",
        "Shift"
      ],
      "key": "I"
    }
  ],
  "templater-obsidian:Templates/ENG - template.md": [
    {
      "modifiers": [
        "Mod",
        "Shift"
      ],
      "key": "I"
    }
  ],
  "file-explorer:new-file-in-new-pane": [],
  "app:delete-file": [
    {
      "modifiers": [
        "Mod",
        "Shift"
      ],
      "key": "D"
    }
  ],
  "obsidian-outliner:outdent-list": [
    {
      "modifiers": [
        "Mod",
        "Shift"
      ],
      "key": "O"
    }
  ],
  "editor:insert-codeblock": [
    {
      "modifiers": [
        "Mod",
        "Shift"
      ],
      "key": "B"
    }
  ],
  "editor:insert-table": [
    {
      "modifiers": [
        "Alt"
      ],
      "key": "T"
    }
  ],
  "editor:table-col-after": [
    {
      "modifiers": [
        "Mod"
      ],
      "key": "Q"
    }
  ],
  "editor:table-row-after": [
    {
      "modifiers": [
        "Mod",
        "Shift"
      ],
      "key": "X"
    }
  ]
}